hash	MiB/s
MD5	205.9041180544273
SHA-1	112.71134776912427
SHA-256	52.816536934826445
SHA-512	89.06875074593187
SHA3-256	57.84300188592945
SHA3-512	30.825714453471782
Blake2b-256	168.86370947106857
