hash	MiB/s
MD5	173.44165523464812
SHA-1	117.03017204287828
SHA-256	24.028131393390684
SHA-512	77.11971413773352
SHA3-256	48.13940196075205
SHA3-512	29.028915096025372
