hash	MiB/s
MD5	545.9636623860947
SHA-1	1646.7918933967278
SHA-256	1426.040366077931
SHA-512	435.8173937377603
SHA3-256	241.28029166263258
SHA3-512	143.6660226500484
Blake2b-256	539.0713037510025
