hash	MiB/s
MD5	575.8627661442001
SHA-1	1774.2713739749597
SHA-256	1652.5262704876948
SHA-512	483.40234279434804
SHA3-256	348.43609867397265
SHA3-512	182.71992019707486
