hash	MiB/s
MD5	789.0605004824523
SHA-1	740.9929575050976
SHA-256	288.6543393401026
SHA-512	548.5669007394133
SHA3-256	374.80635481439674
SHA3-512	198.36154109362744
