hash	MiB/s
MD5	791.5523529278645
SHA-1	738.3750215693117
SHA-256	285.2587578980947
SHA-512	545.5732705096761
SHA3-256	372.44365364796073
SHA3-512	199.2480824353942
Blake2b-256	1059.2854945012646
