hash	MiB/s
MD5	594.6883729830764
SHA-1	864.3829264121163
SHA-256	347.1348358486145
SHA-512	552.2953390894647
SHA3-256	613.3841040461173
SHA3-512	323.6132506574165
