hash	MiB/s
MD5	594.7467829248002
SHA-1	964.8222040491595
SHA-256	341.8047381003638
SHA-512	553.8299000702104
SHA3-256	611.6172515963419
SHA3-512	328.07643532325665
Blake2b-256	1058.8078767425354
