hash	MiB/s
MD5	239.65889720631912
SHA-1	223.101262305112
SHA-256	107.14970280627249
SHA-512	174.63800650115806
SHA3-256	113.78357245652899
SHA3-512	61.583551857479236
Blake2b-256	278.36390458780954
