hash	MiB/s
MD5	248.0000016736125
SHA-1	184.52983287652313
SHA-256	107.8048284893417
SHA-512	178.64570204233559
SHA3-256	110.41541421396627
SHA3-512	59.09541577651619
